{
    "name": "Kitsune",
    "hunger": 0.8746544333333292,
    "energy": 9.512433349999991,
    "happiness": 93.81492821666667,
    "cleanliness": 99.57947286666666,
    "age": 0,
    "level": 2,
    "experience": 20,
    "last_saved": "2025-12-14T21:17:54.300739"
}